{
    "tfidf": {
        "accuracy": 0.89616,
        "precision": 0.8919582080101314,
        "recall": 0.90152,
        "f1": 0.8967136150234741
    }
}